ID,fileName,startFrame,endFrame
10-2,10_N2_C2_000,683.17076,1203.74588
10-2,10_N2_C2_000,1203.74588,1780.1702
10-2,10_N2_C2_000,1780.1702,2263.8542
10-2,10_N2_C2_000,2263.8542,2893.05344
10-2,10_N2_C2_000,2893.05344,3313.2026
10-2,10_N2_C2_000,3313.2026,3865.0328
10-2,10_N2_C2_000,3865.0328,4296.9668
10-2,10_N2_C2_000,4296.9668,4850.84648
10-2,10_N2_C2_000,4850.84648,5268.94628
10-2,10_N2_C2_000,5268.94628,5844.8582
10-2,10_N2_C2_000,5844.8582,6244.51232
10-2,10_N2_C2_000,6244.51232,6902.40464
10-2,10_N2_C2_000,6902.40464,7266.70484
10-2,10_N2_C2_000,7266.70484,7790.86664
10-2,10_N2_C2_000,7790.86664,8167.46384
10-2,10_N2_C2_000,8167.46384,8813.05904
10-2,10_N2_C2_000,8813.05904,9177.87164
10-2,10_N2_C2_000,9177.87164,9527.82524
11,11_N2_C3,1088.39556,1684.79844
11,11_N2_C3,1684.79844,2221.50192
11,11_N2_C3,2221.50192,2809.92516
11,11_N2_C3,2809.92516,3448.29504
11,11_N2_C3,3448.29504,3984.99852
11,11_N2_C3,3984.99852,4498.05864
11,11_N2_C3,4498.05864,5108.05644
11,11_N2_C3,5108.05644,5541.9114
11,11_N2_C3,5541.9114,6095.16528
11,11_N2_C3,6095.16528,6581.03556
11,11_N2_C3,6581.03556,6913.22436
11,11_N2_C3,7699.36488,8097.75492
11,11_N2_C3,8097.75492,8479.59468
11,11_N2_C3,8838.9732,9232.63452
11,11_N2_C3,9232.63452,9842.63232
11,11_N2_C3,9842.63232,10333.23132
11,11_N2_C3,10333.23132,10757.03796
12,12_I2_D3,1318.2748,1898.46172
12,12_I2_D3,1898.46172,2395.18024
12,12_I2_D3,2834.61664,3439.35316
12,12_I2_D3,3439.35316,4150.47076
12,12_I2_D3,4150.47076,4778.93848
12,12_I2_D3,4778.93848,5217.55648
12,12_I2_D3,5663.53936,6210.17536
12,12_I2_D3,6210.17536,6973.66528
12,12_I2_D3,6973.66528,7512.11812
12,12_I2_D3,7512.11812,8042.38768
12,12_I2_D3,10692.09892,11462.95384
12,12_I2_D3,11462.95384,12461.30092
12,12_I2_D3,12461.30092,13032.48628
12,12_I2_D3,13032.48628,13642.13272
12,12_I2_D3,13642.13272,14256.68896
12,12_I2_D3,14256.68896,14891.70316
12,12_I2_D3,14891.70316,15566.81488
12,12_I2_D3,15566.81488,16120.81564
13,13_S2_D2,879.65452,1507.47916
13,13_S2_D2,1507.47916,2170.00756
13,13_S2_D2,2170.00756,2765.65228
13,13_S2_D2,2765.65228,3356.24908
13,13_S2_D2,3356.24908,3807.3994
13,13_S2_D2,4942.53148,5499.68632
13,13_S2_D2,5499.68632,6088.39024
13,13_S2_D2,6088.39024,6663.21256
13,13_S2_D2,6663.21256,7209.64084
13,13_S2_D2,7209.64084,7852.60888
13,13_S2_D2,7852.60888,8451.4084
13,13_S2_D2,8451.4084,8989.63396
13,13_S2_D2,8989.63396,9659.10316
13,13_S2_D2,9659.10316,10167.04168
13,13_S2_D2,10167.04168,10844.08264
13,13_S2_D2,10844.08264,11434.04848
13,13_S2_D2,11434.04848,11804.4334
14-2,14_N2_D3_000,555.77864,1093.71932
14-2,14_N2_D3_000,1093.71932,1751.12564
14-2,14_N2_D3_000,1751.12564,2286.30416
14-2,14_N2_D3_000,2286.30416,2913.32624
14-2,14_N2_D3_000,2913.32624,3490.62836
14-2,14_N2_D3_000,3490.62836,4128.00872
14-2,14_N2_D3_000,4128.00872,4806.8222
14-2,14_N2_D3_000,4806.8222,5475.968
14-2,14_N2_D3_000,5475.968,6135.446
14-2,14_N2_D3_000,6135.446,6829.45172
14-2,14_N2_D3_000,6829.45172,7317.67256
14-2,14_N2_D3_000,7317.67256,8048.27756
14-2,14_N2_D3_000,8048.27756,8566.88276
14-2,14_N2_D3_000,9882.386,10410.659
14-2,14_N2_D3_000,11331.85652,12059.00876
14-2,14_N2_D3_000,12059.00876,12837.9524
14,14_N2_D3,723.40168,1275.26404
14,14_N2_D3,1275.26404,1856.2546
14,14_N2_D3,2452.99024,3113.49316
14,14_N2_D3,3113.49316,3707.07976
14,14_N2_D3,3707.07976,4023.55432
14,14_N2_D3,6357.751,6721.46056
15,15_F2_F2,722.85944,1249.35044
15,15_F2_F2,1249.35044,1807.00112
15,15_F2_F2,1807.00112,2343.16244
15,15_F2_F2,2343.16244,2944.86644
15,15_F2_F2,2944.86644,3399.36788
15,15_F2_F2,3399.36788,4080.58268
15,15_F2_F2,4080.58268,4582.36088
15,15_F2_F2,4582.36088,5103.4796
15,15_F2_F2,5103.4796,5468.7998
15,15_F2_F2,5468.7998,6010.3334
15,15_F2_F2,6010.3334,6443.34548
15,15_F2_F2,6443.34548,7010.66636
15,15_F2_F2,7010.66636,7335.1568
15,15_F2_F2,7335.1568,8009.92484
15,15_F2_F2,8009.92484,8322.596
15,15_F2_F2,8322.596,8994.14072
15,15_F2_F2,8994.14072,9366.98228
15,15_F2_F2,9366.98228,9730.15364
16-2,16_F3_F3_000,1016.31952,1446.68848
16-2,16_F3_F3_000,1446.68848,2089.64944
16-2,16_F3_F3_000,2089.64944,2481.64828
16-2,16_F3_F3_000,2481.64828,3061.35016
16-2,16_F3_F3_000,3061.35016,3453.349
16-2,16_F3_F3_000,3453.349,4101.49516
16-2,16_F3_F3_000,4101.49516,4431.27196
16-2,16_F3_F3_000,4431.27196,4938.38152
16-2,16_F3_F3_000,4938.38152,5251.56568
16-2,16_F3_F3_000,5251.56568,5999.26708
16-2,16_F3_F3_000,5999.26708,6508.45072
16-2,16_F3_F3_000,6508.45072,7240.59664
16-2,16_F3_F3_000,7240.59664,7560.00304
16-2,16_F3_F3_000,7560.00304,8242.37128
16-2,16_F3_F3_000,8242.37128,8620.88872
16-2,16_F3_F3_000,8620.88872,9146.66488
16-2,16_F3_F3_000,9146.66488,9712.88536
16-2,16_F3_F3_000,9712.88536,9971.10676
16,16_F3_F3,624.05468,1052.88152
16,16_F3_F3,1052.88152,1592.16368
16,16_F3_F3,1592.16368,2026.48832
16,16_F3_F3,2026.48832,2533.2836
16,16_F3_F3,2533.2836,2783.68244
16,16_F3_F3,3485.399,3860.74736
16,16_F3_F3,3860.74736,4259.08652
16,16_F3_F3,4259.08652,4578.45752
16,16_F3_F3,4578.45752,5036.77232
16,16_F3_F3,5036.77232,5340.64964
16,16_F3_F3,5340.64964,5953.40216
16,16_F3_F3,5953.40216,6365.2358
16,16_F3_F3,6365.2358,6867.03308
16,16_F3_F3,7544.75936,8162.01008
16,16_F3_F3,8162.01008,8669.80496
16,16_F3_F3,8669.80496,9042.65432
17-2,17_D3_S3_000,832.99256,1659.16316
17-2,17_D3_S3_000,1659.16316,2368.20188
17-2,17_D3_S3_000,2368.20188,3195.9344
17-2,17_D3_S3_000,3195.9344,3647.28284
17-2,17_D3_S3_000,4484.3858,5352.72392
17-2,17_D3_S3_000,5352.72392,6117.986
17-2,17_D3_S3_000,6117.986,6936.34784
17-2,17_D3_S3_000,6936.34784,7584.47804
17-2,17_D3_S3_000,7584.47804,8202.93464
17-2,17_D3_S3_000,8202.93464,8946.33212
17-2,17_D3_S3_000,8946.33212,9255.56048
17-2,17_D3_S3_000,9774.06452,10444.05932
17-2,17_D3_S3_000,10722.0524,11396.73248
17-2,17_D3_S3_000,11396.73248,12119.82704
17-2,17_D3_S3_000,12119.82704,12839.79812
17-2,17_D3_S3_000,12839.79812,13556.6456
17-2,17_D3_S3_000,13556.6456,14209.46096
17-2,17_D3_S3_000,14209.46096,14740.45916
17-3,17_D3_S3_001,710.99428,1329.35428
17-3,17_D3_S3_001,1329.35428,2061.29044
17-3,17_D3_S3_001,2061.29044,2532.00112
17-3,17_D3_S3_001,2532.00112,3271.50904
17-3,17_D3_S3_001,3271.50904,3711.9328
17-3,17_D3_S3_001,3711.9328,4387.08088
17-3,17_D3_S3_001,4387.08088,4898.1742
17-3,17_D3_S3_001,4898.1742,5589.72772
17-3,17_D3_S3_001,5589.72772,6141.2038
17-3,17_D3_S3_001,6141.2038,6840.32908
17-3,17_D3_S3_001,6840.32908,7323.65932
17-3,17_D3_S3_001,7323.65932,8159.07616
17-3,17_D3_S3_001,8159.07616,8605.80964
17-3,17_D3_S3_001,8605.80964,9384.4384
17-3,17_D3_S3_001,9384.4384,10091.13544
17-3,17_D3_S3_001,10091.13544,10679.20828
17-3,17_D3_S3_001,10679.20828,11495.69572
17-3,17_D3_S3_001,11495.69572,11797.30396
18,18_D2_D2,718.44516,1364.19852
18,18_D2_D2,1364.19852,2219.3856
18,18_D2_D2,2219.3856,2960.33616
18,18_D2_D2,2960.33616,3817.10976
18,18_D2_D2,3817.10976,4757.9742
18,18_D2_D2,4757.9742,5613.16128
18,18_D2_D2,5613.16128,6304.9266
18,18_D2_D2,6304.9266,7020.49128
18,18_D2_D2,7020.49128,7655.1384
18,18_D2_D2,7655.1384,8432.5812
18,18_D2_D2,8432.5812,9314.7408
18,18_D2_D2,9314.7408,10133.43564
18,18_D2_D2,10133.43564,10780.77564
18,18_D2_D2,10780.77564,11605.81692
18,18_D2_D2,11605.81692,12465.7638
18,18_D2_D2,12465.7638,13230.51372
18,18_D2_D2,13230.51372,14114.25984
18,18_D2_D2,14114.25984,14729.86752
19,19_I3_D3,833.23192,1486.48696
19,19_I3_D3,1486.48696,2361.92476
19,19_I3_D3,2361.92476,3250.65544
19,19_I3_D3,3250.65544,4186.86112
19,19_I3_D3,4186.86112,5153.45068
19,19_I3_D3,5153.45068,6053.57536
19,19_I3_D3,6053.57536,6938.50804
19,19_I3_D3,6938.50804,7954.4716
19,19_I3_D3,7954.4716,8772.9394
19,19_I3_D3,11129.59504,12255.70036
19,19_I3_D3,12255.70036,13218.49192
19,19_I3_D3,13218.49192,14302.81936
19,19_I3_D3,14302.81936,15250.41904
19,19_I3_D3,16218.9076,17130.42628
19,19_I3_D3,17130.42628,17855.8432
1,1_N2_N2,1228.9646,1504.37744
1,1_N2_N2,1504.37744,1800.19124
1,1_N2_N2,1800.19124,2203.10996
1,1_N2_N2,2203.10996,2514.22436
1,1_N2_N2,2514.22436,2858.49044
1,1_N2_N2,2858.49044,3243.55832
1,1_N2_N2,3243.55832,3580.17392
1,1_N2_N2,3580.17392,3962.69168
1,1_N2_N2,3962.69168,4179.45176
1,1_N2_N2,4179.45176,4480.3658
1,1_N2_N2,4480.3658,4768.52912
1,1_N2_N2,4768.52912,5184.19844
1,1_N2_N2,5184.19844,5513.1638
1,1_N2_N2,5513.1638,5865.08012
1,1_N2_N2,5865.08012,6066.53948
1,1_N2_N2,6066.53948,6482.2088
1,1_N2_N2,6482.2088,6803.5238
1,1_N2_N2,6803.5238,7132.48904
2-2,2_N3_N3_000,1006.6684,1292.80984
2-2,2_N3_N3_000,1292.80984,1610.32648
2-2,2_N3_N3_000,1610.32648,1853.7976
2-2,2_N3_N3_000,1853.7976,2149.97908
2-2,2_N3_N3_000,2149.97908,2549.07112
2-2,2_N3_N3_000,2549.07112,2886.66772
2-2,2_N3_N3_000,2886.66772,3169.04416
2-2,2_N3_N3_000,3169.04416,3482.79568
2-2,2_N3_N3_000,3482.79568,3731.28688
2-2,2_N3_N3_000,3731.28688,4053.82348
2-2,2_N3_N3_000,4053.82348,4378.87012
2-2,2_N3_N3_000,4378.87012,4776.70708
2-2,2_N3_N3_000,4776.70708,4980.01816
2-2,2_N3_N3_000,4980.01816,5345.22496
2-2,2_N3_N3_000,5345.22496,5542.26088
2-2,2_N3_N3_000,5542.26088,5883.6226
2-2,2_N3_N3_000,5883.6226,6124.5838
2-2,2_N3_N3_000,6124.5838,6404.4502
20,20_I2_H3,637.7054,1422.67928
20,20_I2_H3,1422.67928,2166.8414
20,20_I2_H3,2166.8414,2921.4236
20,20_I2_H3,5089.65332,6052.63568
20,20_I2_H3,6052.63568,7013.01296
20,20_I2_H3,7013.01296,7830.11516
20,20_I2_H3,7830.11516,8681.95064
20,20_I2_H3,8681.95064,9471.26624
20,20_I2_H3,9471.26624,10323.97004
20,20_I2_H3,10323.97004,10919.64716
20,20_I2_H3,10919.64716,11789.71772
20,20_I2_H3,11789.71772,12515.64488
20,20_I2_H3,12515.64488,13269.35864
20,20_I2_H3,13269.35864,14052.59588
20,20_I2_H3,14052.59588,14821.93964
20,20_I2_H3,14821.93964,15655.54016
20,20_I2_H3,15655.54016,16249.48064
21-2,21_S3_D3_000,869.0528,1521.29636
21-2,21_S3_D3_000,1521.29636,2183.59376
21-2,21_S3_D3_000,2183.59376,2829.55364
21-2,21_S3_D3_000,2829.55364,3406.3934
21-2,21_S3_D3_000,3406.3934,4018.42148
21-2,21_S3_D3_000,4018.42148,4621.65248
21-2,21_S3_D3_000,4621.65248,5243.73452
21-2,21_S3_D3_000,5243.73452,5997.77336
21-2,21_S3_D3_000,5997.77336,6564.55916
21-2,21_S3_D3_000,6564.55916,7211.7758
21-2,21_S3_D3_000,7211.7758,7724.52212
21-2,21_S3_D3_000,7724.52212,8381.7926
21-2,21_S3_D3_000,8381.7926,9051.63044
21-2,21_S3_D3_000,9051.63044,9461.32484
21-2,21_S3_D3_000,9461.32484,10167.60776
21-2,21_S3_D3_000,10167.60776,10816.08116
21-2,21_S3_D3_000,10816.08116,11277.30152
21-2,21_S3_D3_000,11277.30152,11720.92772
22,22_S2_D2,716.60784,1376.47092
22,22_S2_D2,1376.47092,1964.81508
22,22_S2_D2,1964.81508,2601.73812
22,22_S2_D2,2601.73812,3235.96236
22,22_S2_D2,3235.96236,3759.53472
22,22_S2_D2,3759.53472,4418.04828
22,22_S2_D2,4418.04828,5266.82928
22,22_S2_D2,5266.82928,6004.95828
22,22_S2_D2,6004.95828,6686.412
22,22_S2_D2,6686.412,7467.72216
22,22_S2_D2,7467.72216,8258.47836
22,22_S2_D2,8258.47836,9033.04152
22,22_S2_D2,9033.04152,9605.19276
22,22_S2_D2,9605.19276,10269.10404
22,22_S2_D2,10269.10404,10848.00228
22,22_S2_D2,10848.00228,11521.35948
22,22_S2_D2,11521.35948,12024.6906
22,22_S2_D2,12024.6906,12483.49116
23,23_S3_F3,1191.40644,1735.49796
23,23_S3_F3,1735.49796,2294.29464
23,23_S3_F3,2294.29464,2727.42888
23,23_S3_F3,2727.42888,3314.29908
23,23_S3_F3,3314.29908,3572.30808
23,23_S3_F3,3977.36892,4661.82792
23,23_S3_F3,4661.82792,5208.59316
23,23_S3_F3,5208.59316,5843.58936
23,23_S3_F3,5843.58936,6358.27056
23,23_S3_F3,6979.8984,7462.49556
23,23_S3_F3,7462.49556,8074.76568
23,23_S3_F3,8074.76568,8707.08816
23,23_S3_F3,8707.08816,9265.88496
23,23_S3_F3,9265.88496,9700.356
23,23_S3_F3,9700.356,10288.563
23,23_S3_F3,10288.563,10702.98168
23,23_S3_F3,12206.92008,12569.20212
23,23_S3_F3,12569.20212,12939.5052
24,24_C3_S3,1644.25516,2364.50176
24,24_C3_S3,2364.50176,3189.022
24,24_C3_S3,3189.022,3984.53884
24,24_C3_S3,3984.53884,4380.91624
24,24_C3_S3,4380.91624,4956.8374
24,24_C3_S3,4956.8374,5650.15252
24,24_C3_S3,5650.15252,6187.4026
24,24_C3_S3,6187.4026,6840.66568
24,24_C3_S3,6840.66568,7429.01668
24,24_C3_S3,7429.01668,8123.713
24,24_C3_S3,8123.713,8503.51708
24,24_C3_S3,8503.51708,9254.83864
24,24_C3_S3,9254.83864,9645.69148
24,24_C3_S3,9645.69148,10253.37808
24,24_C3_S3,10253.37808,10721.57296
24,24_C3_S3,10721.57296,11091.70924
24,24_C3_S3,12584.68468,13402.29928
24,24_C3_S3,13402.29928,13696.47484
25,25_H2_I3,679.63124,1457.27168
25,25_H2_I3,1457.27168,2375.42252
25,25_H2_I3,2375.42252,3014.78276
25,25_H2_I3,3014.78276,3747.07316
25,25_H2_I3,3747.07316,4355.2088
25,25_H2_I3,4355.2088,5076.34748
25,25_H2_I3,5076.34748,5708.27324
25,25_H2_I3,5708.27324,6450.22844
25,25_H2_I3,6450.22844,7080.66728
25,25_H2_I3,7080.66728,7780.98968
25,25_H2_I3,7780.98968,8484.28592
25,25_H2_I3,8484.28592,9263.41316
25,25_H2_I3,9263.41316,9990.49952
25,25_H2_I3,9990.49952,10625.399
25,25_H2_I3,10625.399,11279.62796
25,25_H2_I3,11279.62796,12504.82052
25,25_H2_I3,12504.82052,13420.74104
25,25_H2_I3,13420.74104,13886.13584
26,26_H3_C3,616.37868,1164.06888
26,26_H3_C3,1164.06888,1812.7158
26,26_H3_C3,1812.7158,2351.5722
26,26_H3_C3,2351.5722,2956.0506
26,26_H3_C3,2956.0506,3521.40828
26,26_H3_C3,3521.40828,4190.24652
26,26_H3_C3,4190.24652,4657.17132
26,26_H3_C3,4657.17132,5329.79544
26,26_H3_C3,5329.79544,5969.60868
26,26_H3_C3,5969.60868,6569.03916
26,26_H3_C3,6569.03916,7236.61548
26,26_H3_C3,7236.61548,7943.31252
26,26_H3_C3,7943.31252,8608.36488
26,26_H3_C3,8608.36488,9186.34212
26,26_H3_C3,9186.34212,9812.27376
26,26_H3_C3,9812.27376,10448.301
26,26_H3_C3,10448.301,11242.07328
26,26_H3_C3,11242.07328,11672.4012
27,27_C2_C2,669.19224,1237.374
27,27_C2_C2,1237.374,1836.9276
27,27_C2_C2,1836.9276,2191.31496
27,27_C2_C2,2191.31496,2790.86856
27,27_C2_C2,2790.86856,3125.5032
27,27_C2_C2,3125.5032,3811.03932
27,27_C2_C2,3811.03932,4293.23856
27,27_C2_C2,4293.23856,4899.7638
27,27_C2_C2,4899.7638,5252.9892
27,27_C2_C2,5252.9892,5886.23868
27,27_C2_C2,5886.23868,6255.73104
27,27_C2_C2,6255.73104,7106.26068
27,27_C2_C2,7106.26068,7679.09004
27,27_C2_C2,7679.09004,8518.00032
27,27_C2_C2,8518.00032,8863.09224
27,27_C2_C2,8863.09224,9600.91512
27,27_C2_C2,9600.91512,10280.64168
27,27_C2_C2,10280.64168,10601.33316
28,28_C3_I2,653.70856,1339.47016
28,28_C3_I2,1339.47016,2022.48316
28,28_C3_I2,2022.48316,2651.89972
28,28_C3_I2,2651.89972,3278.56768
28,28_C3_I2,3278.56768,3917.60404
28,28_C3_I2,3917.60404,4669.33072
28,28_C3_I2,4669.33072,5177.81128
28,28_C3_I2,5177.81128,5823.71896
28,28_C3_I2,5823.71896,6428.3986
28,28_C3_I2,6428.3986,7121.03152
28,28_C3_I2,7121.03152,7977.20284
28,28_C3_I2,7977.20284,8704.1926
28,28_C3_I2,8704.1926,9471.03628
28,28_C3_I2,9471.03628,10151.3008
28,28_C3_I2,10151.3008,10714.75228
28,28_C3_I2,10714.75228,11438.99356
28,28_C3_I2,11438.99356,12407.85508
28,28_C3_I2,12407.85508,12879.23032
29,29_F3_H2,904.6628,1512.44972
29,29_F3_H2,1512.44972,2190.27452
29,29_F3_H2,2190.27452,2705.46884
29,29_F3_H2,2705.46884,3388.04204
29,29_F3_H2,3388.04204,3918.66848
29,29_F3_H2,3918.66848,4636.85408
29,29_F3_H2,4636.85408,5125.93268
29,29_F3_H2,5125.93268,5712.35204
29,29_F3_H2,5712.35204,6275.02976
29,29_F3_H2,6275.02976,6857.88788
29,29_F3_H2,6857.88788,7348.1534
29,29_F3_H2,7348.1534,8022.41708
29,29_F3_H2,8022.41708,8591.03012
29,29_F3_H2,8591.03012,9086.04404
29,29_F3_H2,9086.04404,9497.96216
29,29_F3_H2,9497.96216,10072.51076
29,29_F3_H2,10072.51076,10750.33556
29,29_F3_H2,10750.33556,11144.44736
30,30_D2_S2,571.62192,1081.02276
30,30_D2_S2,1081.02276,1774.10184
30,30_D2_S2,1774.10184,2218.6032
30,30_D2_S2,2218.6032,2911.68228
30,30_D2_S2,2911.68228,3482.30916
30,30_D2_S2,3482.30916,4127.63196
30,30_D2_S2,4127.63196,4612.54248
30,30_D2_S2,5383.99092,5969.31216
30,30_D2_S2,5969.31216,6521.57124
30,30_D2_S2,6521.57124,7252.61052
30,30_D2_S2,7252.61052,7758.3378
30,30_D2_S2,7758.3378,8463.66216
30,30_D2_S2,8463.66216,9079.59636
30,30_D2_S2,9079.59636,9688.18356
30,30_D2_S2,9688.18356,10304.11776
30,30_D2_S2,10304.11776,11008.21752
30,30_D2_S2,11008.21752,11413.53408
31,31_H3_H3,642.94956,1203.35604
31,31_H3_H3,1203.35604,1764.99972
31,31_H3_H3,1764.99972,2292.00444
31,31_H3_H3,3167.87148,3663.94884
31,31_H3_H3,3663.94884,4448.2704
31,31_H3_H3,4448.2704,4969.08972
31,31_H3_H3,4969.08972,5694.0306
31,31_H3_H3,5694.0306,6148.0464
31,31_H3_H3,6148.0464,6821.02908
31,31_H3_H3,6821.02908,7438.34208
31,31_H3_H3,7438.34208,8181.83952
31,31_H3_H3,8181.83952,8646.98928
31,31_H3_H3,8646.98928,9318.73476
31,31_H3_H3,9318.73476,9834.60564
31,31_H3_H3,9834.60564,10424.70252
31,31_H3_H3,10424.70252,11133.561
31,31_H3_H3,11133.561,11522.0106
32,32_F2_D3,820.28032,1615.54384
32,32_F2_D3,1615.54384,2346.85264
32,32_F2_D3,2346.85264,2827.9036
32,32_F2_D3,2827.9036,3581.45752
32,32_F2_D3,3581.45752,4104.21808
32,32_F2_D3,4104.21808,4985.68156
32,32_F2_D3,4985.68156,5633.57104
32,32_F2_D3,5633.57104,6314.82832
32,32_F2_D3,6314.82832,6926.56948
32,32_F2_D3,6926.56948,7452.11068
32,32_F2_D3,8216.78716,8931.41212
32,32_F2_D3,8931.41212,9568.17904
32,32_F2_D3,9568.17904,10277.24272
32,32_F2_D3,10277.24272,10919.57092
32,32_F2_D3,10919.57092,11648.09896
32,32_F2_D3,11648.09896,12482.29156
32,32_F2_D3,12482.29156,12955.0006
33,33_H2_F2,1436.75336,2096.70416
33,33_H2_F2,2096.70416,2641.13036
33,33_H2_F2,2641.13036,3298.42544
33,33_H2_F2,3298.42544,4008.83528
33,33_H2_F2,4008.83528,4575.83516
33,33_H2_F2,4575.83516,5118.93356
33,33_H2_F2,5118.93356,5679.2942
33,33_H2_F2,5679.2942,6316.6712
33,33_H2_F2,6316.6712,6932.80232
33,33_H2_F2,6932.80232,7414.81868
33,33_H2_F2,7414.81868,8127.88424
33,33_H2_F2,8127.88424,8574.0482
33,33_H2_F2,8574.0482,9107.8514
33,33_H2_F2,9107.8514,9527.45792
33,33_H2_F2,9527.45792,10013.45792
33,33_H2_F2,10013.45792,10379.94968
33,33_H2_F2,11087.7038,11917.62176
33,33_H2_F2,11917.62176,12314.6546
34,34_D3_D2,648.48848,1322.04836
34,34_D3_D2,1322.04836,2397.67736
34,34_D3_D2,2397.67736,3273.21116
34,34_D3_D2,3273.21116,4291.53584
34,34_D3_D2,4291.53584,5024.27876
34,34_D3_D2,5024.27876,5911.0856
34,34_D3_D2,5911.0856,7066.56476
34,34_D3_D2,7066.56476,7690.33556
34,34_D3_D2,8312.22764,8913.4526
34,34_D3_D2,8913.4526,9674.37788
34,34_D3_D2,9674.37788,10910.64668
34,34_D3_D2,10910.64668,11408.53604
34,34_D3_D2,12379.89008,13242.27212
34,34_D3_D2,13242.27212,13973.1362
34,34_D3_D2,13973.1362,14771.63804
34,34_D3_D2,14771.63804,15491.2292
34,34_D3_D2,15491.2292,16068.02936
34,34_D3_D2,16068.02936,16969.8668
34,34_D3_D2,16969.8668,17559.81872
35,35_C2_D2,740.5268,1373.27408
35,35_C2_D2,1373.27408,2064.05852
35,35_C2_D2,2064.05852,2620.3664
35,35_C2_D2,2620.3664,3338.0462
35,35_C2_D2,3338.0462,3877.3676
35,35_C2_D2,3877.3676,4495.95944
35,35_C2_D2,4495.95944,5203.73036
35,35_C2_D2,5203.73036,5863.37288
35,35_C2_D2,5863.37288,6586.71476
35,35_C2_D2,6586.71476,7310.05664
35,35_C2_D2,7310.05664,7843.71584
35,35_C2_D2,7843.71584,8591.12204
35,35_C2_D2,8591.12204,9096.47048
35,35_C2_D2,10301.0966,10871.55992
35,35_C2_D2,10871.55992,11651.52344
35,35_C2_D2,11651.52344,12679.20692
35,35_C2_D2,12679.20692,13255.33244
36,36_I3_C3,681.83228,1400.99708
36,36_I3_C3,1400.99708,2054.0318
36,36_I3_C3,2054.0318,2709.82184
36,36_I3_C3,2775.95192,3577.77944
36,36_I3_C3,3577.77944,4283.16704
36,36_I3_C3,4283.16704,4904.51444
36,36_I3_C3,4904.51444,5536.88348
36,36_I3_C3,5536.88348,6271.20308
36,36_I3_C3,6271.20308,6767.1788
36,36_I3_C3,6767.1788,7462.92248
36,36_I3_C3,7462.92248,7921.70012
36,36_I3_C3,7921.70012,8744.19308
36,36_I3_C3,8744.19308,9321.4538
36,36_I3_C3,9321.4538,9960.71132
36,36_I3_C3,9960.71132,10610.9906
36,36_I3_C3,10610.9906,11418.32888
36,36_I3_C3,11418.32888,12264.24308
36,36_I3_C3,12264.24308,12728.53136
3,3_N1_N1,747.6176,1058.8592
3,3_N1_N1,1058.8592,1432.22348
3,3_N1_N1,1432.22348,1735.93496
3,3_N1_N1,1735.93496,2055.96164
3,3_N1_N1,2055.96164,2368.4582
3,3_N1_N1,2368.4582,2816.49536
3,3_N1_N1,2816.49536,3046.16156
3,3_N1_N1,3046.16156,3443.99852
3,3_N1_N1,3443.99852,3781.59512
3,3_N1_N1,3781.59512,4132.99688
3,3_N1_N1,4132.99688,4430.43332
3,3_N1_N1,4430.43332,4893.5306
3,3_N1_N1,4893.5306,5148.29696
3,3_N1_N1,5148.29696,5549.89892
3,3_N1_N1,5549.89892,5820.98024
3,3_N1_N1,5820.98024,6232.62224
3,3_N1_N1,6232.62224,6453.50336
3,3_N1_N1,6453.50336,6789.845
4-2,4_N2_I2_000,779.7962,1400.69996
4-2,4_N2_I2_000,1400.69996,1867.42664
4-2,4_N2_I2_000,2496.72092,3066.23228
4-2,4_N2_I2_000,3066.23228,3655.67132
4-2,4_N2_I2_000,3655.67132,4142.32568
4-2,4_N2_I2_000,4142.32568,4790.49884
4-2,4_N2_I2_000,4790.49884,5255.1278
4-2,4_N2_I2_000,5255.1278,5792.12564
4-2,4_N2_I2_000,5792.12564,6242.07116
4-2,4_N2_I2_000,6242.07116,6523.15592
4-2,4_N2_I2_000,7257.3326,7726.15688
4-2,4_N2_I2_000,7726.15688,8613.46196
4-2,4_N2_I2_000,8613.46196,9118.99508
4-2,4_N2_I2_000,9118.99508,9792.34004
4-2,4_N2_I2_000,9792.34004,10327.24016
4-2,4_N2_I2_000,10327.24016,10969.1204
4-2,4_N2_I2_000,10969.1204,11533.38776
4-2,4_N2_I2_000,11533.38776,12114.43616
5,5_N1_I3,744.17672,1407.43712
5,5_N1_I3,1407.43712,2076.22484
5,5_N1_I3,2076.22484,2500.71152
5,5_N1_I3,3540.92504,4229.61056
5,5_N1_I3,4229.61056,4860.81344
5,5_N1_I3,4860.81344,5412.425
5,5_N1_I3,5412.425,6027.0464
5,5_N1_I3,6027.0464,6503.48852
5,5_N1_I3,7723.8878,8388.25376
5,5_N1_I3,8388.25376,9263.75756
5,5_N1_I3,9263.75756,9836.37248
5,5_N1_I3,9836.37248,10519.5308
5,5_N1_I3,10519.5308,11103.2
5,5_N1_I3,11103.2,11768.6714
5,5_N1_I3,11768.6714,12305.91236
5,5_N1_I3,12305.91236,12703.86872
6,6_N2_S2,727.88748,1256.57256
6,6_N2_S2,1256.57256,1845.04956
6,6_N2_S2,1845.04956,2298.2082
6,6_N2_S2,2298.2082,2704.16292
6,6_N2_S2,2704.16292,3154.17468
6,6_N2_S2,3154.17468,3698.59452
6,6_N2_S2,3698.59452,4117.137
6,6_N2_S2,4117.137,4548.26712
6,6_N2_S2,4548.26712,4985.69112
6,6_N2_S2,4985.69112,5426.26212
6,6_N2_S2,5426.26212,5813.3352
6,6_N2_S2,5813.3352,6581.18748
6,6_N2_S2,6581.18748,7002.87684
6,6_N2_S2,7002.87684,7610.23536
6,6_N2_S2,7610.23536,7928.07588
6,6_N2_S2,7928.07588,8516.55276
6,6_N2_S2,8516.55276,8878.45044
6,6_N2_S2,8878.45044,9114.86388
7-2,7_N2_S3_000,609.23404,1091.1316
7-2,7_N2_S3_000,1091.1316,1603.98448
7-2,7_N2_S3_000,1603.98448,2104.28788
7-2,7_N2_S3_000,2104.28788,2599.57156
7-2,7_N2_S3_000,2599.57156,3098.20168
7-2,7_N2_S3_000,3098.20168,3687.1876
7-2,7_N2_S3_000,3687.1876,4046.93764
7-2,7_N2_S3_000,4046.93764,4588.2358
7-2,7_N2_S3_000,4588.2358,5045.03452
7-2,7_N2_S3_000,5045.03452,5558.72404
7-2,7_N2_S3_000,5558.72404,5936.87968
7-2,7_N2_S3_000,5936.87968,6617.05816
7-2,7_N2_S3_000,6617.05816,7008.59992
7-2,7_N2_S3_000,7008.59992,7574.99692
7-2,7_N2_S3_000,7574.99692,8050.20148
7-2,7_N2_S3_000,8050.20148,8597.35612
7-2,7_N2_S3_000,8597.35612,9104.35252
7-2,7_N2_S3_000,9104.35252,9448.20652
7,7_N2_S3,651.87232,1144.52668
7,7_N2_S3,1144.52668,1691.73676
7,7_N2_S3,1691.73676,2113.30336
7,7_N2_S3,2113.30336,2720.02864
7,7_N2_S3,2720.02864,3212.683
7,7_N2_S3,3212.683,3582.1738
7,7_N2_S3,4064.08228,4485.649
7,7_N2_S3,4485.649,5067.57628
7,7_N2_S3,5067.57628,5528.8198
7,7_N2_S3,5528.8198,6026.43376
7,7_N2_S3,6026.43376,6467.0122
7,7_N2_S3,6467.0122,7240.711
7,7_N2_S3,7240.711,7676.32984
7,7_N2_S3,7676.32984,8249.16448
7,7_N2_S3,8249.16448,8621.13508
7,7_N2_S3,8621.13508,9131.14804
7,7_N2_S3,9131.14804,9279.1096
8-2,8_N2_H2_000,714.69816,1287.33684
8-2,8_N2_H2_000,1287.33684,1868.57952
8-2,8_N2_H2_000,1868.57952,2381.94672
8-2,8_N2_H2_000,2381.94672,3012.90096
8-2,8_N2_H2_000,3012.90096,3516.70824
8-2,8_N2_H2_000,4374.23244,4792.95648
8-2,8_N2_H2_000,4792.95648,5429.6466
8-2,8_N2_H2_000,5429.6466,5878.00644
8-2,8_N2_H2_000,5878.00644,6418.14156
8-2,8_N2_H2_000,6418.14156,6863.6334
8-2,8_N2_H2_000,6863.6334,7717.33356
8-2,8_N2_H2_000,7717.33356,8213.49288
8-2,8_N2_H2_000,8213.49288,8742.156
8-2,8_N2_H2_000,8742.156,9244.05144
8-2,8_N2_H2_000,9244.05144,9877.87356
8-2,8_N2_H2_000,9877.87356,10331.01336
8-2,8_N2_H2_000,10331.01336,10758.3414
9,9_N2_H3,569.52312,1145.26104
9,9_N2_H3,1145.26104,1790.71716
9,9_N2_H3,1790.71716,2356.33464
9,9_N2_H3,2356.33464,2872.47468
9,9_N2_H3,2872.47468,3349.2576
9,9_N2_H3,3349.2576,3954.2322
9,9_N2_H3,3954.2322,4449.00696
9,9_N2_H3,4449.00696,4968.52056
9,9_N2_H3,4968.52056,5519.51964
9,9_N2_H3,5519.51964,6146.98404
9,9_N2_H3,6146.98404,6732.84228
9,9_N2_H3,6732.84228,7540.22484
9,9_N2_H3,7540.22484,8059.73832
9,9_N2_H3,8059.73832,8566.88244
9,9_N2_H3,8566.88244,9004.30824
9,9_N2_H3,9004.30824,9602.53596
9,9_N2_H3,9602.53596,10117.55148
9,9_N2_H3,10117.55148,10476.26316
